Registration,trip_count_Charging_window,trip_count_Day,trip_count_Night,total_trips,%_night_trips,%_day_trips,percentage_charging_window,,,,,
LM69YFD,0,1,0,1,0,100,0,,,,,
MD19CXC,0,6,1,7,14,86,0,,,,,
LS17XRG,1,87,1,89,1,98,1,,,,,
LR69CYT,0,103,1,104,1,99,0,,,,,
LO66YSX,14,186,1,201,0,93,7,,,,,
WU17EHN,10,284,1,295,0,96,3,,,,,
LR69CZC,0,1024,1,1025,0,100,0,,,,,
LT18UWZ,3,124,2,129,2,96,2,,,,,
LO67XKD,8,133,2,143,1,93,6,,,,,
LX67KCA,0,133,3,136,2,98,0,,,,,
RE68CEJ,5,127,4,136,3,93,4,,,,,
LO66YSL,18,390,4,412,1,95,4,,,,,
LT17WCO,0,509,4,513,1,99,0,,,,,
LK19TGU,12,239,5,256,2,93,5,,,,,
LS67MKG,5,488,5,498,1,98,1,,,,,
MD19XTJ,2,286,6,294,2,97,1,,,,,
LR20OFB,80,238,6,324,2,73,25,,,,,
LO66YSM,23,377,6,406,1,93,6,,,,,
LR69CZF,0,389,7,396,2,98,0,,,,,
LL17TXT,1,660,8,669,1,99,0,,,,,
LS17VEV,0,131,10,141,7,93,0,,,,,
LK68TFN,8,153,10,171,6,89,5,,,,,
LO66YSV,59,244,10,313,3,78,19,,,,,
LN67KGO,0,320,10,330,3,97,0,,,,,
RX17ZTF,9,372,10,391,3,95,2,,,,,
RE67WOD,23,200,11,234,5,85,10,,,,,
LR20NBM,12,259,11,282,4,92,4,,,,,
LR17OWY,1,273,11,285,4,96,0,,,,,
RX17ZTG,13,908,11,932,1,97,1,,,,,
LN68JYG,22,98,12,132,9,74,17,,,,,
LR20OFN,16,286,12,314,4,91,5,,,,,
LR66EYW,7,104,13,124,10,84,6,,,,,
LK66ZNG,13,200,13,226,6,88,6,,,,,
LV67FRD,1,856,15,872,2,98,0,,,,,
KE69TOV,0,320,16,336,5,95,0,,,,,
MX19PXF,20,471,16,507,3,93,4,,,,,
RA19YLH,41,796,16,853,2,93,5,,,,,
LR69AYB,13,184,17,214,8,86,6,,,,,
LM67LMF,0,695,17,712,2,98,0,,,,,
LR20OFT,2,157,18,177,10,89,1,,,,,
LO69AVC,70,1775,18,1863,1,95,4,,,,,
LK67YCB,77,144,19,240,8,60,32,,,,,
LS21EOH,68,367,21,456,5,80,15,,,,,
LR68HWY,84,1121,21,1226,2,91,7,,,,,
LT68ORY,7,204,22,233,9,88,3,,,,,
RE68CEF,49,240,22,311,7,77,16,,,,,
LM19VWO,43,450,23,516,4,87,8,,,,,
LR69CZX,9,103,24,136,18,76,7,,,,,
LK17YVN,13,99,24,136,18,73,10,,,,,
LR17OWK,5,485,25,515,5,94,1,,,,,
RX17YTT,69,236,27,332,8,71,21,,,,,
LR69AYE,50,340,28,418,7,81,12,,,,,
LS21DND,21,871,28,920,3,95,2,,,,,
LX18ZSF,20,88,29,137,21,64,15,,,,,
LL21KPR,33,111,31,175,18,63,19,,,,,
LL20MFO,26,56,32,114,28,49,23,,,,,
LV66UEJ,7,458,33,498,7,92,1,,,,,
LS17HRE,26,29,34,89,38,33,29,,,,,
WU17JSV,102,414,35,551,6,75,19,,,,,
LL17TYZ,8,837,35,880,4,95,1,,,,,
MJ19RFZ,151,997,35,1183,3,84,13,,,,,
LR68HVO,13,610,36,659,5,93,2,,,,,
LT17WCR,29,242,37,308,12,79,9,,,,,
KD16HGL,36,159,38,233,16,68,15,,,,,
KU67HTC,54,190,39,283,14,67,19,,,,,
LO66YST,445,576,40,1061,4,54,42,,,,,
LS70PYT,10,4,41,55,75,7,18,,,,,
LK19TKN,10,208,43,261,16,80,4,,,,,
LL17TXM,6,269,43,318,14,85,2,,,,,
LM19VWG,97,556,43,696,6,80,14,,,,,
LL67UHB,8,138,44,190,23,73,4,,,,,
LV67HVL,1,255,44,300,15,85,0,,,,,
LL17TXN,47,475,44,566,8,84,8,,,,,
RX66NOH,30,81,46,157,29,52,19,,,,,
LO69LWR,38,569,46,653,7,87,6,,,,,
RV66NDO,173,287,47,507,9,57,34,,,,,
MM69FVC,8,795,47,850,6,94,1,,,,,
MD19CXW,43,77,48,168,29,46,26,,,,,
LR69DFF,33,486,48,567,8,86,6,,,,,
MW69XCJ,19,832,48,899,5,93,2,,,,,
LO19YVA,17,213,49,279,18,76,6,,,,,
RK69TXW,197,1123,50,1370,4,82,14,,,,,
LX68MJV,81,273,52,406,13,67,20,,,,,
LM19VWH,41,498,55,594,9,84,7,,,,,
RV69XHC,133,723,56,912,6,79,15,,,,,
DS69XBC,86,329,59,474,12,69,18,,,,,
RJ69PBU,41,56,61,158,39,35,26,,,,,
LN68JRV,39,189,62,290,21,65,13,,,,,
MM69FUW,12,328,62,402,15,82,3,,,,,
LM66MYG,27,204,63,294,21,69,9,,,,,
LO19YVG,80,369,65,514,13,72,16,,,,,
RK20UZH,456,2070,66,2592,3,80,18,,,,,
ML19TNZ,54,357,67,478,14,75,11,,,,,
LM67EYP,3,48,68,119,57,40,3,,,,,
LL17TXH,18,54,68,140,49,39,13,,,,,
RJ66BKU,30,191,69,290,24,66,10,,,,,
RV66NFC,36,626,69,731,9,86,5,,,,,
LR69AYK,51,184,71,306,23,60,17,,,,,
KF68KOB,15,127,73,215,34,59,7,,,,,
RO69FHA,349,1594,73,2016,4,79,17,,,,,
RV69LLN,186,521,74,781,9,67,24,,,,,
LN67HOJ,142,622,74,838,9,74,17,,,,,
LX17XRU,90,227,76,393,19,58,23,,,,,
LR68WMO,140,1411,76,1627,5,87,9,,,,,
MX19PXK,172,1500,76,1748,4,86,10,,,,,
WX65VRK,9,17,77,103,75,17,9,,,,,
LY66DZP,36,28,79,143,55,20,25,,,,,
LT18UXH,9,70,79,158,50,44,6,,,,,
RO69XGK,114,682,79,875,9,78,13,,,,,
LS17HPY,94,484,81,659,12,73,14,,,,,
RO69WUD,149,1020,82,1251,7,82,12,,,,,
MM69FVA,50,931,83,1064,8,88,5,,,,,
RE17ADX,29,77,85,191,45,40,15,,,,,
LV67HVW,28,664,86,778,11,85,4,,,,,
RE67WOA,60,152,87,299,29,51,20,,,,,
RJ69NTU,258,1414,87,1759,5,80,15,,,,,
RV18LMY,129,588,88,805,11,73,16,,,,,
RV66CPE,15,85,91,191,48,45,8,,,,,
LS69CEN,34,125,92,251,37,50,14,,,,,
KU17WFS,17,241,92,350,26,69,5,,,,,
KF19BDV,65,264,92,421,22,63,15,,,,,
RF66HZY,11,802,92,905,10,89,1,,,,,
LN67KHJ,16,293,93,402,23,73,4,,,,,
MX19PXJ,53,682,93,828,11,82,6,,,,,
LM19VWK,25,42,94,161,58,26,16,,,,,
RO69BNA,92,1103,94,1289,7,86,7,,,,,
RK20UZG,128,905,95,1128,8,80,11,,,,,
KX68VBC,223,1061,96,1380,7,77,16,,,,,
RE69NFY,134,1057,97,1288,8,82,10,,,,,
RO68XJM,26,181,98,305,32,59,9,,,,,
LL17TVC,47,955,98,1100,9,87,4,,,,,
LV68OEZ,42,157,99,298,33,53,14,,,,,
MD19CYZ,101,118,99,318,31,37,32,,,,,
LR20FLJ,128,260,99,487,20,53,26,,,,,
LL67UGX,25,302,100,427,23,71,6,,,,,
RK20UZD,376,2424,101,2901,3,84,13,,,,,
RK20UZA,458,2600,102,3160,3,82,14,,,,,
RO69SFV,405,2194,103,2702,4,81,15,,,,,
LO17OXT,15,88,105,208,50,42,7,,,,,
LK17YUU,92,528,106,726,15,73,13,,,,,
RF66HZA,0,312,109,421,26,74,0,,,,,
LR69CZV,44,729,109,882,12,83,5,,,,,
LR69CZA,25,987,109,1121,10,88,2,,,,,
RE69NBN,403,2374,109,2886,4,82,14,,,,,
KY66TCO,40,119,110,269,41,44,15,,,,,
LN18OLM,43,71,111,225,49,32,19,,,,,
DX69PJJ,40,78,111,229,48,34,17,,,,,
LT18UVU,14,188,113,315,36,60,4,,,,,
MX19RMY,81,67,115,263,44,25,31,,,,,
KU17WFO,42,201,115,358,32,56,12,,,,,
LN17JUT,127,356,116,599,19,59,21,,,,,
RK20UZC,253,1187,116,1556,7,76,16,,,,,
LM69RZS,28,27,117,172,68,16,16,,,,,
KF19AYA,52,256,117,425,28,60,12,,,,,
RO69FGV,128,822,117,1067,11,77,12,,,,,
LN68JYF,154,80,118,352,34,23,44,,,,,
LR69AYC,71,402,118,591,20,68,12,,,,,
LL67UJU,40,609,118,767,15,79,5,,,,,
LL19YEY,88,115,123,326,38,35,27,,,,,
LT17UZB,46,95,124,265,47,36,17,,,,,
RJ66BKZ,121,43,124,288,43,15,42,,,,,
LP16UTL,66,214,124,404,31,53,16,,,,,
KE68BZD,72,428,125,625,20,68,12,,,,,
LR68JBV,42,204,127,373,34,55,11,,,,,
LX68MFE,56,286,127,469,27,61,12,,,,,
LX68MHN,99,842,127,1068,12,79,9,,,,,
LT69ZVD,139,918,128,1185,11,77,12,,,,,
WX65VRE,0,12,129,141,91,9,0,,,,,
KY66SZU,23,108,129,260,50,42,9,,,,,
RE67WOB,79,83,129,291,44,29,27,,,,,
LS68YKA,5,529,129,663,19,80,1,,,,,
RK20UYE,147,1222,130,1499,9,82,10,,,,,
KF19AYC,12,266,131,409,32,65,3,,,,,
LL17EFG,9,853,133,995,13,86,1,,,,,
RA19NVU,146,828,134,1108,12,75,13,,,,,
LK67XZT,76,246,135,457,30,54,17,,,,,
RK20UXC,580,3047,135,3762,4,81,15,,,,,
RE69NBO,280,1630,136,2046,7,80,14,,,,,
RK20UZF,145,877,138,1160,12,76,12,,,,,
LM18GFV,4,36,139,179,78,20,2,,,,,
LV67SXG,38,93,139,270,51,34,14,,,,,
RJ66NTU,16,769,139,924,15,83,2,,,,,
LV17DYJ,91,26,140,257,54,10,35,,,,,
LR20VWU,74,570,140,784,18,73,9,,,,,
LR20VPN,7,1655,140,1802,8,92,0,,,,,
WU17EHM,4,734,141,879,16,84,0,,,,,
DP19YDW,50,109,143,302,47,36,17,,,,,
LX17UGL,82,438,144,664,22,66,12,,,,,
MX19PXH,73,436,145,654,22,67,11,,,,,
LM19OEL,78,443,145,666,22,67,12,,,,,
AY20ZSO,4,16,146,166,88,10,2,,,,,
LK67XZA,148,444,148,740,20,60,20,,,,,
KX68VBD,83,407,149,639,23,64,13,,,,,
LO69YDK,184,792,149,1125,13,70,16,,,,,
RX17ZSL,114,255,152,521,29,49,22,,,,,
LN17JVP,53,1223,152,1428,11,86,4,,,,,
LV67SWN,42,71,153,266,58,27,16,,,,,
LL19FXF,146,421,154,721,21,58,20,,,,,
RV69LLJ,35,72,155,262,59,27,13,,,,,
KE19EZA,86,561,155,802,19,70,11,,,,,
RA19XNW,93,850,155,1098,14,77,8,,,,,
KY66SZT,9,413,156,578,27,71,2,,,,,
LL65ZFD,141,1179,156,1476,11,80,10,,,,,
KY66TCU,105,30,159,294,54,10,36,,,,,
LS68GUK,87,76,160,323,50,24,27,,,,,
LR68WMM,140,462,160,762,21,61,18,,,,,
RK20UZV,192,1320,160,1672,10,79,11,,,,,
RF19NKD,47,555,162,764,21,73,6,,,,,
RF66HZB,46,403,164,613,27,66,8,,,,,
LT69GXD,33,90,166,289,57,31,11,,,,,
LN67KHU,34,20,167,221,76,9,15,,,,,
RA19NVX,68,443,167,678,25,65,10,,,,,
KS17BGK,129,786,167,1082,15,73,12,,,,,
WX65VRF,5,12,168,185,91,6,3,,,,,
LL66ZPF,70,403,168,641,26,63,11,,,,,
LL66ZPY,15,17,169,201,84,8,7,,,,,
RJ20HAA,111,932,169,1212,14,77,9,,,,,
WX65VRG,1,13,171,185,92,7,1,,,,,
LR66FPD,29,129,172,330,52,39,9,,,,,
RK69TWU,261,38,172,471,37,8,55,,,,,
LS66GYE,5,1012,172,1189,14,85,0,,,,,
RF66HZX,17,229,173,419,41,55,4,,,,,
LV68EHF,78,1035,174,1287,14,80,6,,,,,
LS21DMO,8,122,175,305,57,40,3,,,,,
RK20UXB,534,2727,175,3436,5,79,16,,,,,
LV17DZH,247,648,177,1072,17,60,23,,,,,
RX67MYP,222,1116,177,1515,12,74,15,,,,,
LR68HXC,37,153,178,368,48,42,10,,,,,
LL17WHW,77,109,180,366,49,30,21,,,,,
RJ16URM,279,1305,181,1765,10,74,16,,,,,
LS21DNE,144,183,183,510,36,36,28,,,,,
LK67YDC,13,366,184,563,33,65,2,,,,,
LR20FLE,35,390,184,609,30,64,6,,,,,
RK20UWW,199,1084,185,1468,13,74,14,,,,,
LO19YVF,122,458,186,766,24,60,16,,,,,
LP19LXH,20,151,187,358,52,42,6,,,,,
RV17PZO,196,150,187,533,35,28,37,,,,,
LC67XCG,74,379,187,640,29,59,12,,,,,
KY66TBZ,89,56,190,335,57,17,27,,,,,
LK19TNZ,91,91,191,373,51,24,24,,,,,
LS70TVC,40,0,192,232,83,0,17,,,,,
RV18LNE,88,152,192,432,44,35,20,,,,,
RK69TWZ,58,300,192,550,35,55,11,,,,,
RY19LFP,84,520,192,796,24,65,11,,,,,
LL17EFF,251,1794,192,2237,9,80,11,,,,,
LR68HTU,39,141,193,373,52,38,10,,,,,
LM69UYT,88,25,194,307,63,8,29,,,,,
RE69NBK,356,2814,195,3365,6,84,11,,,,,
LR69CZB,20,5,196,221,89,2,9,,,,,
RE66ZTJ,2,102,196,300,65,34,1,,,,,
LM19VWP,25,169,196,390,50,43,6,,,,,
LP19LXG,28,1047,196,1271,15,82,2,,,,,
RA19NVW,60,28,197,285,69,10,21,,,,,
LC67XCM,119,53,197,369,53,14,32,,,,,
RE18KOJ,40,187,197,424,46,44,9,,,,,
RE66FJX,152,414,197,763,26,54,20,,,,,
LS67LZO,142,160,198,500,40,32,28,,,,,
ML19TNX,203,304,199,706,28,43,29,,,,,
LV67FPD,171,67,200,438,46,15,39,,,,,
RE66FKB,83,72,205,360,57,20,23,,,,,
MX19PXE,102,228,205,535,38,43,19,,,,,
RK69TWL,145,291,206,642,32,45,23,,,,,
RX17YTU,20,271,207,498,42,54,4,,,,,
LR70MZO,6,216,210,432,49,50,1,,,,,
LK19TKE,66,1242,210,1518,14,82,4,,,,,
LL20HGJ,14,75,212,301,70,25,5,,,,,
LT69GWX,28,278,212,518,41,54,5,,,,,
RV66CFD,55,287,212,554,38,52,10,,,,,
LN67KBX,244,227,218,689,32,33,35,,,,,
LV18LXN,466,1546,218,2230,10,69,21,,,,,
AY20ZSR,6,26,219,251,87,10,2,,,,,
LX18ZTO,206,56,220,482,46,12,43,,,,,
LS17VGK,46,703,221,970,23,72,5,,,,,
AY20YZP,2,35,222,259,86,14,1,,,,,
LN67KFV,37,96,223,356,63,27,10,,,,,
LX68MJO,145,259,223,627,36,41,23,,,,,
RJ16URK,167,321,223,711,31,45,23,,,,,
RO69GFY,33,139,225,397,57,35,8,,,,,
LN67KHE,69,204,227,500,45,41,14,,,,,
LV17DYY,182,119,227,528,43,23,34,,,,,
LY66HPV,62,54,230,346,66,16,18,,,,,
LX68MFO,65,405,230,700,33,58,9,,,,,
RX17ZRT,223,734,231,1188,19,62,19,,,,,
KY66TCK,73,98,232,403,58,24,18,,,,,
LV67HVA,38,371,232,641,36,58,6,,,,,
RV18LNP,54,442,233,729,32,61,7,,,,,
RK20UZO,291,1945,235,2471,10,79,12,,,,,
RO70FOU,226,35,237,498,48,7,45,,,,,
LT67PHO,199,119,237,555,43,21,36,,,,,
LT67PHN,192,159,238,589,40,27,33,,,,,
RK19YBX,25,217,241,483,50,45,5,,,,,
LR17WRF,70,301,242,613,39,49,11,,,,,
MX19RNY,58,139,243,440,55,32,13,,,,,
WU17EHL,9,864,243,1116,22,77,1,,,,,
LX67KNS,28,19,244,291,84,7,10,,,,,
WX65VRM,10,11,245,266,92,4,4,,,,,
LV66VHC,56,8,246,310,79,3,18,,,,,
RE66BHV,135,327,246,708,35,46,19,,,,,
LN67JZG,60,77,248,385,64,20,16,,,,,
LX67KDZ,78,559,249,886,28,63,9,,,,,
LV67OES,27,20,250,297,84,7,9,,,,,
MD19CWZ,236,68,250,554,45,12,43,,,,,
LR69LUH,161,306,250,717,35,43,22,,,,,
LS17HTN,177,63,252,492,51,13,36,,,,,
WX65VRN,22,23,253,298,85,8,7,,,,,
LL17TYT,73,30,254,357,71,8,20,,,,,
LL19YFD,398,455,254,1107,23,41,36,,,,,
LL17TTF,33,35,255,323,79,11,10,,,,,
LP19LXN,2,21,256,279,92,8,1,,,,,
KE68BWB,5,28,256,289,89,10,2,,,,,
LN67KDK,90,171,256,517,50,33,17,,,,,
LS66GYF,70,460,257,787,33,58,9,,,,,
LN67KAA,22,23,258,303,85,8,7,,,,,
RV68VLD,47,91,261,399,65,23,12,,,,,
LT67LUR,68,113,261,442,59,26,15,,,,,
LR69CZW,76,204,263,543,48,38,14,,,,,
LT69GWY,21,19,264,304,87,6,7,,,,,
LN67KJU,5,10,266,281,95,4,2,,,,,
LX68OSR,165,59,266,490,54,12,34,,,,,
LN67KEK,15,44,267,326,82,13,5,,,,,
LK67YBU,293,198,269,760,35,26,39,,,,,
RX18LAE,178,318,269,765,35,42,23,,,,,
LR69CZD,25,477,269,771,35,62,3,,,,,
LX18ZSE,3,12,270,285,95,4,1,,,,,
MD19RSX,36,140,270,446,61,31,8,,,,,
MD19CYY,141,1103,270,1514,18,73,9,,,,,
LN67KJX,9,27,271,307,88,9,3,,,,,
VU65NLP,266,506,272,1044,26,48,25,,,,,
AY20ZBZ,3,14,273,290,94,5,1,,,,,
RA19NVJ,81,44,273,398,69,11,20,,,,,
LR69AYD,190,445,274,909,30,49,21,,,,,
LR68JCZ,20,125,276,421,66,30,5,,,,,
LL19YFA,242,117,276,635,43,18,38,,,,,
LO19YVC,46,98,277,421,66,23,11,,,,,
LV18FEG,13,133,277,423,65,31,3,,,,,
LK17YUW,77,275,277,629,44,44,12,,,,,
RX66NPP,32,111,278,421,66,26,8,,,,,
RE66NWD,162,50,278,490,57,10,33,,,,,
LS17HUJ,289,342,279,910,31,38,32,,,,,
RV18LNF,87,126,281,494,57,26,18,,,,,
LS70TFY,96,5,282,383,74,1,25,,,,,
RE18KOV,141,619,282,1042,27,59,14,,,,,
RE70HYN,53,116,284,453,63,26,12,,,,,
MD19CXV,206,54,284,544,52,10,38,,,,,
KF19BAU,18,28,288,334,86,8,5,,,,,
MF20RMV,181,1189,288,1658,17,72,11,,,,,
MC19LWF,152,259,290,701,41,37,22,,,,,
RK20UZW,443,2365,291,3099,9,76,14,,,,,
RX67MXC,42,87,292,421,69,21,10,,,,,
MC19LWU,243,52,293,588,50,9,41,,,,,
LR69CHJ,47,22,294,363,81,6,13,,,,,
LM66NHO,82,154,294,530,55,29,15,,,,,
AY20YZS,5,29,295,329,90,9,2,,,,,
LK19TFY,202,28,295,525,56,5,38,,,,,
AY20YYT,4,12,296,312,95,4,1,,,,,
ML19TNU,213,836,296,1345,22,62,16,,,,,
LK19TOU,229,19,298,546,55,3,42,,,,,
LR69CYZ,34,434,302,770,39,56,4,,,,,
LN67JZH,28,5,303,336,90,1,8,,,,,
RE69NCD,476,2622,303,3401,9,77,14,,,,,
RE66FHU,80,52,304,436,70,12,18,,,,,
LY66BXR,46,177,304,527,58,34,9,,,,,
LL19YFH,175,52,304,531,57,10,33,,,,,
ML19TNV,230,33,306,569,54,6,40,,,,,
RJ16URH,153,275,309,737,42,37,21,,,,,
LO69YXB,186,578,309,1073,29,54,17,,,,,
LX68MJK,377,1244,309,1930,16,64,20,,,,,
LS17XPN,60,41,310,411,75,10,15,,,,,
KF19AZZ,7,54,311,372,84,15,2,,,,,
RE66ZSY,38,35,311,384,81,9,10,,,,,
RV66NDX,169,127,312,608,51,21,28,,,,,
LM18LNF,59,292,313,664,47,44,9,,,,,
LX17ORF,32,259,316,607,52,43,5,,,,,
LV67HVU,199,311,316,826,38,38,24,,,,,
LO69YKD,106,164,317,587,54,28,18,,,,,
RF19CUJ,2,15,318,335,95,4,1,,,,,
MJ19RFY,211,837,318,1366,23,61,15,,,,,
LR20FEK,7,60,319,386,83,16,2,,,,,
MH19XFY,8,14,320,342,94,4,2,,,,,
LL19YFF,340,139,320,799,40,17,43,,,,,
RX17ZNT,74,251,321,646,50,39,11,,,,,
KF19AYJ,6,19,322,347,93,5,2,,,,,
LR69BGY,22,43,322,387,83,11,6,,,,,
LR69CYS,22,46,322,390,83,12,6,,,,,
RK20UWX,267,2363,323,2953,11,80,9,,,,,
LO69YKF,83,53,324,460,70,12,18,,,,,
LR20EXN,71,113,324,508,64,22,14,,,,,
LX68MDE,85,158,325,568,57,28,15,,,,,
RX17ZRV,106,374,327,807,41,46,13,,,,,
LR20CXE,36,106,328,470,70,23,8,,,,,
LX17ORG,139,192,328,659,50,29,21,,,,,
RE18KOX,34,298,328,660,50,45,5,,,,,
LO69YJR,231,365,328,924,35,40,25,,,,,
LL17TSO,207,62,329,598,55,10,35,,,,,
LL17TZE,42,119,330,491,67,24,9,,,,,
RX17ZSD,169,80,331,580,57,14,29,,,,,
LL19YFG,122,57,332,511,65,11,24,,,,,
LR17ZYD,192,187,333,712,47,26,27,,,,,
LL17EFD,226,164,333,723,46,23,31,,,,,
LN17JCX,6,32,336,374,90,9,2,,,,,
LR20FLA,9,31,336,376,89,8,2,,,,,
RE66BHW,189,77,337,603,56,13,31,,,,,
LL19WLJ,110,191,337,638,53,30,17,,,,,
LL19YFB,45,258,337,640,53,40,7,,,,,
LS17VFT,67,453,337,857,39,53,8,,,,,
RA19NVN,397,659,337,1393,24,47,28,,,,,
RO68XJK,7,37,338,382,88,10,2,,,,,
RE67WOC,174,199,338,711,48,28,24,,,,,
MX19PXG,35,245,339,619,55,40,6,,,,,
RV18LNT,27,621,339,987,34,63,3,,,,,
RV69UUL,199,48,340,587,58,8,34,,,,,
LX68MDZ,71,37,346,454,76,8,16,,,,,
LR68HXP,31,148,347,526,66,28,6,,,,,
LV67SWO,229,25,347,601,58,4,38,,,,,
LL17TUY,46,62,348,456,76,14,10,,,,,
LS66HBN,145,174,348,667,52,26,22,,,,,
MH19XKD,59,14,349,422,83,3,14,,,,,
RK20UZT,428,1338,352,2118,17,63,20,,,,,
LR69ATX,223,134,353,710,50,19,31,,,,,
AY20YYO,7,5,355,367,97,1,2,,,,,
RO69CFF,302,39,355,696,51,6,43,,,,,
LR68HZJ,83,114,356,553,64,21,15,,,,,
LY66DYS,68,146,356,570,62,26,12,,,,,
LK19TLV,308,326,356,990,36,33,31,,,,,
LN17JJL,13,20,357,390,92,5,3,,,,,
LX17NUC,309,555,358,1222,29,45,25,,,,,
RA19NVH,100,61,359,520,69,12,19,,,,,
WX65VRO,99,104,359,562,64,19,18,,,,,
LK19TMX,279,297,359,935,38,32,30,,,,,
LL18EGD,253,127,360,740,49,17,34,,,,,
RA19NVG,8,34,361,403,90,8,2,,,,,
LL17TWD,104,1133,361,1598,23,71,7,,,,,
RO69VTL,81,49,362,492,74,10,16,,,,,
RF66HZJ,113,84,364,561,65,15,20,,,,,
RK19YAE,97,158,364,619,59,26,16,,,,,
RV18LNG,60,436,364,860,42,51,7,,,,,
MD19CZA,331,32,366,729,50,4,45,,,,,
RE70HYO,37,253,367,657,56,39,6,,,,,
LX68YUN,183,549,371,1103,34,50,17,,,,,
LR69CZU,43,259,372,674,55,38,6,,,,,
LV67HVR,64,308,372,744,50,41,9,,,,,
LO19YUS,66,87,373,526,71,17,13,,,,,
RA19YLJ,25,85,375,485,77,18,5,,,,,
RF66HZW,30,161,375,566,66,28,5,,,,,
LR20FKZ,175,102,375,652,58,16,27,,,,,
LP69ZGB,111,252,375,738,51,34,15,,,,,
MC19LWE,169,316,375,860,44,37,20,,,,,
RK70VPO,26,20,376,422,89,5,6,,,,,
LK19TNJ,354,53,376,783,48,7,45,,,,,
LL69GHV,44,160,378,582,65,27,8,,,,,
LK19TNF,353,27,378,758,50,4,47,,,,,
RK69TZB,162,27,379,568,67,5,29,,,,,
LT69GXC,16,48,381,445,86,11,4,,,,,
LC67XCH,39,26,381,446,85,6,9,,,,,
LM66NBE,73,45,381,499,76,9,15,,,,,
RY19LFR,176,200,382,758,50,26,23,,,,,
RX17ZSK,108,106,383,597,64,18,18,,,,,
LR69CZT,17,18,384,419,92,4,4,,,,,
RK69TZZ,6,40,384,430,89,9,1,,,,,
WX65VRV,85,50,384,519,74,10,16,,,,,
RK69TZC,95,24,387,506,76,5,19,,,,,
LL67UJX,55,90,387,532,73,17,10,,,,,
LS17VPT,130,194,387,711,54,27,18,,,,,
WX65VRL,2,52,388,442,88,12,0,,,,,
LK19TFO,344,128,388,860,45,15,40,,,,,
LN67KCJ,22,37,389,448,87,8,5,,,,,
LV67HWL,11,492,389,892,44,55,1,,,,,
RF19NJN,234,233,390,857,46,27,27,,,,,
LN67KGV,33,36,391,460,85,8,7,,,,,
LK19TFZ,175,46,391,612,64,8,29,,,,,
RA19NVS,215,176,392,783,50,22,27,,,,,
LV67FPO,254,281,392,927,42,30,27,,,,,
RK69TXD,18,23,393,434,91,5,4,,,,,
RE18KOU,76,206,394,676,58,30,11,,,,,
LN67KHW,267,32,394,693,57,5,39,,,,,
LR69CZE,8,594,394,996,40,60,1,,,,,
RK20UZE,344,1878,394,2616,15,72,13,,,,,
KE69SYV,0,16,395,411,96,4,0,,,,,
LK19TPV,319,21,395,735,54,3,43,,,,,
RK69TXP,128,23,397,548,72,4,23,,,,,
LM16XBZ,182,28,397,607,65,5,30,,,,,
LL17TUP,21,196,397,614,65,32,3,,,,,
RE66ZRY,148,101,397,646,61,16,23,,,,,
LL69GHX,14,141,399,554,72,25,3,,,,,
LR68HYG,49,165,400,614,65,27,8,,,,,
LX17ORV,177,68,400,645,62,11,27,,,,,
KF19ARU,58,109,401,568,71,19,10,,,,,
LX17NVL,133,48,401,582,69,8,23,,,,,
RA19NVK,141,110,401,652,62,17,22,,,,,
LR68HUJ,81,29,402,512,79,6,16,,,,,
LK19TNV,293,33,402,728,55,5,40,,,,,
LL17TZK,97,57,403,557,72,10,17,,,,,
LR17ZXN,278,93,403,774,52,12,36,,,,,
RF19NKE,198,70,404,672,60,10,29,,,,,
LR17ZYG,414,493,404,1311,31,38,32,,,,,
RF19CUA,167,62,405,634,64,10,26,,,,,
AY20ZBV,8,5,406,419,97,1,2,,,,,
MH19XKB,23,15,406,444,91,3,5,,,,,
LL67UGZ,224,64,406,694,59,9,32,,,,,
LK19TNX,252,48,406,706,58,7,36,,,,,
LL19YFC,192,135,406,733,55,18,26,,,,,
LN67JYF,12,388,407,807,50,48,1,,,,,
LV67FPZ,174,71,408,653,62,11,27,,,,,
LR20WBX,143,258,408,809,50,32,18,,,,,
LM18GFX,42,35,409,486,84,7,9,,,,,
LR69CYW,12,1499,409,1920,21,78,1,,,,,
RJ19WKV,368,40,410,818,50,5,45,,,,,
LV67HVM,57,381,410,848,48,45,7,,,,,
LO67XHL,314,583,410,1307,31,45,24,,,,,
LP69ZFZ,0,258,411,669,61,39,0,,,,,
RK69TXM,13,43,413,469,88,9,3,,,,,
KF19ATV,20,88,413,521,79,17,4,,,,,
LP69AVB,257,573,413,1243,33,46,21,,,,,
LR69CYX,151,110,414,675,61,16,22,,,,,
LX18ZRT,33,55,415,503,83,11,7,,,,,
LX68MJU,49,260,416,725,57,36,7,,,,,
RX68ZCA,20,64,417,501,83,13,4,,,,,
LS17XSL,36,49,417,502,83,10,7,,,,,
KE69TOJ,5,9,418,432,97,2,1,,,,,
LX68MGZ,75,319,418,812,51,39,9,,,,,
LN67KDU,8,6,419,433,97,1,2,,,,,
LT67LVH,247,148,420,815,52,18,30,,,,,
RE66ZTH,106,820,420,1346,31,61,8,,,,,
RK69TYA,317,980,421,1718,25,57,18,,,,,
MH19XKC,29,25,422,476,89,5,6,,,,,
LY66BYV,116,14,422,552,76,3,21,,,,,
LN67KEJ,3,14,424,441,96,3,1,,,,,
RO68XJL,3,46,426,475,90,10,1,,,,,
LO69YLD,42,29,426,497,86,6,8,,,,,
RF66HZE,79,726,426,1231,35,59,6,,,,,
LR20FLD,12,13,427,452,94,3,3,,,,,
LK19TPO,292,70,427,789,54,9,37,,,,,
LN67KHF,80,930,427,1437,30,65,6,,,,,
LR20FLC,57,12,428,497,86,2,11,,,,,
LK19TNL,225,78,428,731,59,11,31,,,,,
LT17XUS,8,18,429,455,94,4,2,,,,,
LX68MHU,231,518,429,1178,36,44,20,,,,,
RE18KOH,86,69,430,585,74,12,15,,,,,
LM19VWJ,170,61,432,663,65,9,26,,,,,
RV70NVO,62,22,434,518,84,4,12,,,,,
RX17ZSN,136,101,434,671,65,15,20,,,,,
LM69URE,363,588,434,1385,31,42,26,,,,,
RK69TXL,21,26,435,482,90,5,4,,,,,
WN66YEX,37,29,435,501,87,6,7,,,,,
LK19TNO,296,62,435,793,55,8,37,,,,,
RJ66NTY,234,77,438,749,58,10,31,,,,,
LV18FDU,79,324,438,841,52,39,9,,,,,
RE66XDN,71,399,438,908,48,44,8,,,,,
LN17JTV,34,22,439,495,89,4,7,,,,,
LO69YJP,85,61,439,585,75,10,15,,,,,
LO19YUT,147,78,439,664,66,12,22,,,,,
LK19TMZ,348,21,440,809,54,3,43,,,,,
LT69GXB,21,68,441,530,83,13,4,,,,,
RK69TXN,14,67,442,523,85,13,3,,,,,
MC19LWG,169,315,442,926,48,34,18,,,,,
LN67KHV,17,82,444,543,82,15,3,,,,,
LX17ORK,194,67,444,705,63,10,28,,,,,
MD19CXB,120,197,445,762,58,26,16,,,,,
LK19TKJ,55,20,446,521,86,4,11,,,,,
LN67JYO,59,21,446,526,85,4,11,,,,,
LR69DCY,75,6,447,528,85,1,14,,,,,
LX17NVK,89,407,447,943,47,43,9,,,,,
WN66YEY,70,70,448,588,76,12,12,,,,,
LV18FBF,19,35,449,503,89,7,4,,,,,
LK19TOA,247,42,449,738,61,6,33,,,,,
LR20GXZ,5,11,452,468,97,2,1,,,,,
MD19CZB,60,22,452,534,85,4,11,,,,,
LS21DMX,13,423,452,888,51,48,1,,,,,
AK66HMD,52,52,453,557,81,9,9,,,,,
LY66BXX,177,21,453,651,70,3,27,,,,,
RK69TZA,107,48,454,609,75,8,18,,,,,
LS66HBX,173,740,455,1368,33,54,13,,,,,
LL19YFE,87,90,456,633,72,14,14,,,,,
RV67JUA,122,175,457,754,61,23,16,,,,,
RK69TXE,285,640,457,1382,33,46,21,,,,,
LS17XPG,93,26,458,577,79,5,16,,,,,
LL67TZZ,94,42,458,594,77,7,16,,,,,
LK66ZMY,169,18,458,645,71,3,26,,,,,
RX17ZSG,147,59,458,664,69,9,22,,,,,
LS66HBJ,167,235,458,860,53,27,19,,,,,
RK69TZU,212,62,459,733,63,8,29,,,,,
RE69NKH,380,2004,459,2843,16,70,13,,,,,
RV17PZP,80,164,460,704,65,23,11,,,,,
LY66HSG,394,40,462,896,52,4,44,,,,,
LK19TLN,299,22,463,784,59,3,38,,,,,
RX66NPK,290,340,463,1093,42,31,27,,,,,
RJ19WKY,461,55,465,981,47,6,47,,,,,
RE66ZTL,229,235,467,931,50,25,25,,,,,
RA19YLE,51,43,468,562,83,8,9,,,,,
RK70VOU,98,59,468,625,75,9,16,,,,,
KY66TBO,413,72,468,953,49,8,43,,,,,
RV18LNH,132,844,468,1444,32,58,9,,,,,
RJ66NTV,92,43,469,604,78,7,15,,,,,
LL66ZPP,128,18,469,615,76,3,21,,,,,
MD19CXP,145,66,470,681,69,10,21,,,,,
LR20GKO,98,155,473,726,65,21,13,,,,,
LK19TMY,427,24,475,926,51,3,46,,,,,
LX17NVF,119,91,476,686,69,13,17,,,,,
LS17XTJ,142,29,477,648,74,4,22,,,,,
LR69GUJ,66,67,479,612,78,11,11,,,,,
LX17NWO,76,52,480,608,79,9,12,,,,,
RK69TWN,144,15,480,639,75,2,23,,,,,
LR68HZN,150,186,480,816,59,23,18,,,,,
LL20DLN,80,12,481,573,84,2,14,,,,,
KF19AZX,67,149,481,697,69,21,10,,,,,
LK19TFV,269,64,481,814,59,8,33,,,,,
LK67YDD,396,280,481,1157,42,24,34,,,,,
LV17DZR,67,101,482,650,74,16,10,,,,,
LO19YVD,187,202,483,872,55,23,21,,,,,
LK19TPU,415,28,483,926,52,3,45,,,,,
RV67JUF,32,142,484,658,74,22,5,,,,,
LX17NVP,35,24,485,544,89,4,6,,,,,
RK70VRW,36,210,487,733,66,29,5,,,,,
KY66TAU,243,24,487,754,65,3,32,,,,,
RV69UUJ,170,83,488,741,66,11,23,,,,,
KF19BBE,50,43,489,582,84,7,9,,,,,
RX17ZSF,127,46,489,662,74,7,19,,,,,
LR20CYG,129,89,490,708,69,13,18,,,,,
LR69CYV,76,26,491,593,83,4,13,,,,,
LO69AUY,297,161,493,951,52,17,31,,,,,
LX67KOJ,193,20,494,707,70,3,27,,,,,
LK19TKT,84,133,494,711,69,19,12,,,,,
RK20UZU,471,2501,494,3466,14,72,14,,,,,
KF19AYD,58,24,495,577,86,4,10,,,,,
LV17DZE,212,119,495,826,60,14,26,,,,,
RV69KSE,270,41,497,808,62,5,33,,,,,
RK69TWX,82,23,498,603,83,4,14,,,,,
LR69CYU,42,10,501,553,91,2,8,,,,,
LP69YWY,80,222,502,804,62,28,10,,,,,
LT18UWB,265,473,502,1240,40,38,21,,,,,
RA19NVF,143,37,504,684,74,5,21,,,,,
MD19CXF,94,66,506,666,76,10,14,,,,,
RX67MXU,55,205,506,766,66,27,7,,,,,
LY66HRK,231,19,507,757,67,3,31,,,,,
LO69YLE,79,26,509,614,83,4,13,,,,,
RV66KVH,55,75,509,639,80,12,9,,,,,
LL20DVK,132,31,509,672,76,5,20,,,,,
LV67HVJ,51,157,510,718,71,22,7,,,,,
RE66ZTG,121,65,511,697,73,9,17,,,,,
KD16VNN,180,241,511,932,55,26,19,,,,,
LX68MDO,203,768,511,1482,34,52,14,,,,,
LO19YVB,139,81,512,732,70,11,19,,,,,
LO69AUW,92,351,512,955,54,37,10,,,,,
LN67JZT,32,57,513,602,85,9,5,,,,,
RA19NVE,132,101,513,746,69,14,18,,,,,
RF19NJK,119,140,513,772,66,18,15,,,,,
LX17NUE,246,21,513,780,66,3,32,,,,,
RX17ZSO,93,62,514,669,77,9,14,,,,,
RA19YLG,32,90,516,638,81,14,5,,,,,
LK68TLN,158,121,517,796,65,15,20,,,,,
KF19AYB,170,153,517,840,62,18,20,,,,,
RV69KSF,172,31,518,721,72,4,24,,,,,
RK69TXO,112,44,519,675,77,7,17,,,,,
RK69TWV,113,35,520,668,78,5,17,,,,,
RA19NVL,261,291,520,1072,49,27,24,,,,,
RV67JUH,143,74,523,740,71,10,19,,,,,
LR69GUE,30,38,524,592,89,6,5,,,,,
MD19CXN,182,112,525,819,64,14,22,,,,,
LL20UYA,334,522,525,1381,38,38,24,,,,,
LV67HWU,101,504,526,1131,47,45,9,,,,,
RV18LNA,210,170,527,907,58,19,23,,,,,
RK20UXA,398,1106,527,2031,26,54,20,,,,,
LK19TNU,348,60,528,936,56,6,37,,,,,
RK19YAF,16,72,530,618,86,12,3,,,,,
LM70ACZ,99,23,530,652,81,4,15,,,,,
LX17NVB,82,40,530,652,81,6,13,,,,,
LO69YJS,557,1590,530,2677,20,59,21,,,,,
LM18OJS,32,28,531,591,90,5,5,,,,,
LR20CYF,137,39,531,707,75,6,19,,,,,
LX68MGO,36,45,532,613,87,7,6,,,,,
LK19TFX,295,61,533,889,60,7,33,,,,,
LV68WMK,165,103,534,802,67,13,21,,,,,
LX17OPS,46,117,535,698,77,17,7,,,,,
LX17NVZ,70,108,535,713,75,15,10,,,,,
RK20UYF,148,30,536,714,75,4,21,,,,,
RK69TZX,223,532,536,1291,42,41,17,,,,,
LX18ZSZ,2,16,538,556,97,3,0,,,,,
RK20UWY,485,2196,538,3219,17,68,15,,,,,
RK69TZD,86,76,539,701,77,11,12,,,,,
LL17TTX,19,215,539,773,70,28,2,,,,,
RK70VPZ,123,54,541,718,75,8,17,,,,,
AE66TGY,15,275,541,831,65,33,2,,,,,
LL20DVN,104,18,542,664,82,3,16,,,,,
RK69TWW,122,68,543,733,74,9,17,,,,,
LR69LJO,375,1205,543,2123,26,57,18,,,,,
LX17ORJ,160,55,544,759,72,7,21,,,,,
RV67JUJ,216,252,545,1013,54,25,21,,,,,
LN68LXF,25,35,546,606,90,6,4,,,,,
LO69YLG,275,85,547,907,60,9,30,,,,,
RK19YAH,9,57,548,614,89,9,1,,,,,
RK20UYB,40,46,548,634,86,7,6,,,,,
LY66HRA,203,28,549,780,70,4,26,,,,,
LS68HGC,267,202,549,1018,54,20,26,,,,,
LK19TNN,408,41,550,999,55,4,41,,,,,
LV67HWC,44,40,551,635,87,6,7,,,,,
RX17ZRZ,72,24,551,647,85,4,11,,,,,
LX17NUJ,80,175,552,807,68,22,10,,,,,
LR70MYU,10,4,555,569,98,1,2,,,,,
LK68TKZ,58,58,555,671,83,9,9,,,,,
LV67FRU,213,36,555,804,69,4,26,,,,,
LR68HWJ,52,326,555,933,59,35,6,,,,,
AE66THX,18,153,556,727,76,21,2,,,,,
LM69UYO,17,77,560,654,86,12,3,,,,,
LS17XSA,34,42,561,637,88,7,5,,,,,
RJ16URF,50,141,561,752,75,19,7,,,,,
RX68ZCJ,253,68,561,882,64,8,29,,,,,
LX17NVN,146,195,561,902,62,22,16,,,,,
RO69POU,270,1468,564,2302,25,64,12,,,,,
LS17XSG,92,15,565,672,84,2,14,,,,,
LK68TNO,215,131,565,911,62,14,24,,,,,
KE68BVY,128,56,567,751,75,7,17,,,,,
LY66HRZ,226,26,568,820,69,3,28,,,,,
RX17ZSJ,296,38,569,903,63,4,33,,,,,
LT18UWL,305,58,570,933,61,6,33,,,,,
LT67LUW,42,89,571,702,81,13,6,,,,,
LO69LWP,239,39,572,850,67,5,28,,,,,
RO68XJG,101,378,572,1051,54,36,10,,,,,
RF19NKG,87,70,575,732,79,10,12,,,,,
LM69UWH,121,107,576,804,72,13,15,,,,,
LR20FLH,200,104,576,880,65,12,23,,,,,
MD19CXE,241,203,576,1020,56,20,24,,,,,
RX68ZCE,24,97,577,698,83,14,3,,,,,
RK19YAG,13,153,579,745,78,21,2,,,,,
KF19BDO,119,96,579,794,73,12,15,,,,,
MX19PXL,81,32,580,693,84,5,12,,,,,
RK70VPW,83,68,580,731,79,9,11,,,,,
LR69LUF,140,175,580,895,65,20,16,,,,,
RK70VPR,173,168,581,922,63,18,19,,,,,
LL17TYF,181,174,581,936,62,19,19,,,,,
LY66DZT,190,87,583,860,68,10,22,,,,,
MD19CZF,218,104,583,905,64,11,24,,,,,
RK70VPP,22,28,584,634,92,4,3,,,,,
RX68ZCF,73,68,585,726,81,9,10,,,,,
LK19TOV,404,102,585,1091,54,9,37,,,,,
LL17TUU,251,21,586,858,68,2,29,,,,,
RK19YAD,133,134,590,857,69,16,16,,,,,
LV67HVN,257,420,591,1268,47,33,20,,,,,
LL17TWK,62,515,592,1169,51,44,5,,,,,
LR69GUG,73,37,594,704,84,5,10,,,,,
RK20UYD,148,123,595,866,69,14,17,,,,,
RO69FGP,467,2361,597,3425,17,69,14,,,,,
LR20CXD,153,110,599,862,69,13,18,,,,,
LO69YKE,196,102,599,897,67,11,22,,,,,
RK20UWV,636,1494,603,2733,22,55,23,,,,,
RF66XTR,6,35,604,645,94,5,1,,,,,
LO69AVE,26,22,605,653,93,3,4,,,,,
RA19NVD,201,660,607,1468,41,45,14,,,,,
LR20FEM,5,472,608,1085,56,44,0,,,,,
RX17ZRY,10,111,610,731,83,15,1,,,,,
RX68ZFF,103,157,613,873,70,18,12,,,,,
RV67JUE,147,96,614,857,72,11,17,,,,,
LY66EAO,576,121,617,1314,47,9,44,,,,,
RV70NVU,108,10,618,736,84,1,15,,,,,
LM18OES,26,9,619,654,95,1,4,,,,,
MD19XTK,161,36,619,816,76,4,20,,,,,
LN67KJK,283,26,619,928,67,3,30,,,,,
LM19LZD,329,661,619,1609,38,41,20,,,,,
RK20UYC,334,97,623,1054,59,9,32,,,,,
LO67XMA,310,180,623,1113,56,16,28,,,,,
LK68TLV,45,35,624,704,89,5,6,,,,,
LX17NVV,144,124,624,892,70,14,16,,,,,
RF66XTS,8,39,626,673,93,6,1,,,,,
RF19CUO,111,122,628,861,73,14,13,,,,,
MD19CZE,293,89,628,1010,62,9,29,,,,,
RA19NVR,150,214,630,994,63,22,15,,,,,
LX17NWB,62,16,632,710,89,2,9,,,,,
LL66ZRX,198,109,634,941,67,12,21,,,,,
RV68VKU,63,233,635,931,68,25,7,,,,,
RA19NVO,94,162,637,893,71,18,11,,,,,
RV18LMX,805,2630,643,4078,16,64,20,,,,,
LK68TKO,192,40,645,877,74,5,22,,,,,
LO67XHP,421,147,645,1213,53,12,35,,,,,
LK19TFN,387,98,647,1132,57,9,34,,,,,
RV67JUK,115,52,648,815,80,6,14,,,,,
RX18LBO,140,79,648,867,75,9,16,,,,,
LT67LSN,24,180,652,856,76,21,3,,,,,
LR69LTZ,252,542,653,1447,45,37,17,,,,,
RJ19WLE,442,410,655,1507,43,27,29,,,,,
LM69UYR,204,35,660,899,73,4,23,,,,,
RJ69PBX,261,142,660,1063,62,13,25,,,,,
RE69NBY,388,1988,662,3038,22,65,13,,,,,
LL17TZO,118,24,665,807,82,3,15,,,,,
RO68XJH,88,156,666,910,73,17,10,,,,,
LV68EKJ,37,151,670,858,78,18,4,,,,,
MD19CXG,407,55,671,1133,59,5,36,,,,,
LV18FDE,6,29,682,717,95,4,1,,,,,
RK69TWP,239,39,682,960,71,4,25,,,,,
MD19CXA,285,49,682,1016,67,5,28,,,,,
LT18UXK,186,140,686,1012,68,14,18,,,,,
LM20YXE,189,10,687,886,78,1,21,,,,,
RV68VLF,128,105,687,920,75,11,14,,,,,
LX68MFP,295,391,687,1373,50,28,21,,,,,
LX17NUV,368,30,688,1086,63,3,34,,,,,
RV70NVX,134,6,690,830,83,1,16,,,,,
LK19TLU,275,27,691,993,70,3,28,,,,,
MX19SWO,12,24,697,733,95,3,2,,,,,
RX68ZFC,91,62,700,853,82,7,11,,,,,
RF66DVA,148,71,701,920,76,8,16,,,,,
WR66GZY,503,568,701,1772,40,32,28,,,,,
MD19RSV,72,38,703,813,86,5,9,,,,,
LX17NUP,111,305,703,1119,63,27,10,,,,,
RK69TWY,138,74,708,920,77,8,15,,,,,
RV67JUC,104,92,719,915,79,10,11,,,,,
RK20UZN,765,3012,720,4497,16,67,17,,,,,
RE66ZTK,194,296,721,1211,60,24,16,,,,,
LN17JUH,290,52,724,1066,68,5,27,,,,,
LK19TFF,6,30,731,767,95,4,1,,,,,
LL17TWV,61,21,732,814,90,3,7,,,,,
RF19CUV,76,61,732,869,84,7,9,,,,,
LY66BYS,108,44,736,888,83,5,12,,,,,
RV18LNR,206,752,738,1696,44,44,12,,,,,
LS21DLE,297,70,742,1109,67,6,27,,,,,
LX68OSO,373,557,742,1672,44,33,22,,,,,
LY66DZF,311,15,746,1072,70,1,29,,,,,
RO68XJJ,239,250,747,1236,60,20,19,,,,,
LX67KFO,31,565,752,1348,56,42,2,,,,,
RE69NFC,547,2198,753,3498,22,63,16,,,,,
RV67JUO,287,309,754,1350,56,23,21,,,,,
RJ69PBF,422,98,758,1278,59,8,33,,,,,
RJ19WKX,335,60,761,1156,66,5,29,,,,,
LR67RWE,121,28,763,912,84,3,13,,,,,
RX17ZSE,326,23,764,1113,69,2,29,,,,,
LV67HVG,88,223,766,1077,71,21,8,,,,,
RK20UYA,147,35,769,951,81,4,15,,,,,
RK69TXH,422,29,772,1223,63,2,35,,,,,
MW69YFG,58,1519,777,2354,33,65,2,,,,,
RX17ZRU,187,64,782,1033,76,6,18,,,,,
RJ19WLD,588,99,784,1471,53,7,40,,,,,
LO69YLC,144,133,788,1065,74,12,14,,,,,
LK68TMZ,350,1028,796,2174,37,47,16,,,,,
KF68KNH,132,10,798,940,85,1,14,,,,,
LS17XOU,48,11,811,870,93,1,6,,,,,
RV68VLE,72,153,811,1036,78,15,7,,,,,
LX68MHZ,671,886,816,2373,34,37,28,,,,,
RO69FHC,590,1589,833,3012,28,53,20,,,,,
LN17JGV,40,30,834,904,92,3,4,,,,,
RE66FHW,110,34,835,979,85,3,11,,,,,
LS17XPL,23,12,847,882,96,1,3,,,,,
RK69TXJ,187,34,859,1080,80,3,17,,,,,
RO69XHM,520,1965,886,3371,26,58,15,,,,,
RX68ZFB,130,246,891,1267,70,19,10,,,,,
LO69AUF,47,110,914,1071,85,10,4,,,,,
RK20UWZ,613,1179,929,2721,34,43,23,,,,,
RV67JUW,306,130,984,1420,69,9,22,,,,,
LN17JPV,260,806,1011,2077,49,39,13,,,,,
RX17ZTE,30,529,1024,1583,65,33,2,,,,,
RK19YAJ,144,110,1028,1282,80,9,11,,,,,
LV68EJN,681,347,1032,2060,50,17,33,,,,,
LS17XPY,115,22,1040,1177,88,2,10,,,,,
LN67KAJ,151,59,1040,1250,83,5,12,,,,,
RV17ENT,68,99,1043,1210,86,8,6,,,,,
LP17ATK,28,22,1075,1125,96,2,2,,,,,
LK19TNE,187,43,1075,1305,82,3,14,,,,,
LV66VJK,757,110,1082,1949,56,6,39,,,,,
RE66ZTM,189,108,1095,1392,79,8,14,,,,,
LR70MZY,237,1189,1191,2617,46,45,9,,,,,
LX68MDY,767,336,1483,2586,57,13,30,,,,,
RO69WVP,490,3299,1641,5430,30,61,9,,,,,
RK20UZB,704,895,2008,3607,56,25,20,,,,,
